{"cameraMode":{"drawMode":0,"name":"Shaded","section":"Shading Mode"},"sceneLighting":true,"audioPlay":false,"sceneViewState":{"showFog":true,"showMaterialUpdate":false,"showSkybox":true,"showFlares":true,"showImageEffects":true,"showParticleSystems":true},"in2DMode":false,"pivot":{"x":0.16293621063232423,"y":-5.847470283508301,"z":-0.01555633544921875},"rotation":{"x":0.5728230476379395,"y":0.09173236787319184,"z":-0.06471586227416992,"w":0.8119555711746216},"size":14.03900146484375,"orthographic":false}